accession,qyery id,gene_id in Mass rnaseq experimets,stylophora XP vs PFX annotations,blast target gene_id,blast_%identity,gene_id reference stylophora NCBI,isoform stylophora NCBI,product stylophora NCBI,annotation stylophora NCBI,definition,Reference1,Reference2,Reference3,Reference4,Reference5,Reference6,Reference7,Reference8,Citations list
MG182344.1; MG182345.1; AXF36283,MG182344.1; AXF36283,,,gene13013,81.54;79.81,gene13013,"GeneID:111331856,Genbank:XP_022792788.1",sodium/calcium exchanger 1-like,,Acropora yongei Na+/Ca2+ exchanger,"Barron et al., 2018",,,,,,,,"Barron, M. E., Thies, A. B., Espinoza, J. A., Barott, K. L., Hamdoun, A., & Tresguerres, M. (2018). A vesicular Na+/Ca2+ exchanger in coral calcifying cells. PloS one, 13(10), e0205367."
EU532164.1,EU532164.1,,,gene18335,99;90.63,gene18335,"GeneID:111337813,Genbank:XP_022799914.1",carbonic anhydrase 2-like,,carbonic anhydrase 2,"Bertucci et al., 2011",,,,,,,,"Bertucci, A., Tambutté, S., Supuran, C. T., Allemand, D., & Zoccola, D. (2011). A new coral carbonic anhydrase in Stylophora pistillata. Marine Biotechnology, 13(5), 992-1002."
P28 g11651,g11651,,,gene13463,83.58;71.81,gene13463,"GeneID:111332373,Genbank:XP_022793420.1",trichohyalin-like isoform X1,NCBI-GCF_002571385.1,Late embryogenesis protein,"Drake et al., 2013",,,,,,,,"Drake, J. L., Mass, T., Haramaty, L., Zelzion, E., Bhattacharya, D., & Falkowski, P. G. (2013). Proteomic analysis of skeletal organic matrix from the stony coral Stylophora pistillata. Proceedings of the National Academy of Sciences, 110(10), 3788-3793."
P34 g1714,g1714,,,gene14425,90.22;40.42;38.28;38.9;37.35;36.18;34.85;35.14;36.1;33.77;32.5;32.27;33.33;33.89;35.5;32.41;36.84;32.57;32.33;32.46;30.5;29.94;30.63;31.19;32.89;29.38;30.68;31.67;24.92,gene14425,"GeneID:111333431,Genbank:XM_022939001.1",MAM and LDL-receptor class A domain-containing protein 2-like,NCBI-GCF_002571385.1,MAM/LDL receptor domain containing protein,"Drake et al., 2013",,,,,,,,"Drake, J.L., Whittelegge, J., Jacobs, J. (2020) First sequencing of ancient coral skeletal proteins. Scientific Reports. 10:19407."
P20 g6066,g6066,,,gene14425,94.37;35.07;34.0;32.0;67.26;33.74;31.36;31.14;31.05;31.25;30.14;35.04;35.28;28.83;31.73;32.12;45.73;43.33;29.5;36.36;27.67;28.03;30.11;28.37;41.46;30.94;41.38;38.01;27.41;42.44;27.05;26.7;49.44;32.73;45.24;38.89;49.41;47.73;49.37;44.44;42.39;42.35;40.7;42.35;44.44;34.09;38.27,gene14425,"GeneID:111333431,Genbank:XM_022939001.1",MAM and LDL-receptor class A domain-containing protein 2-like,NCBI-GCF_002571385.1,MAM domain anchor protein,"Drake et al., 2013",,,,,,,,"Hayward, D. C., Hetherington, S., Behm, C. A., Grasso, L. C., Forêt, S., Miller, D. J., & Ball, E. E. (2011). Differential gene expression at coral settlement and metamorphosis-a subtractive hybridization study. PLoS One, 6(10), e26411."
P36 g13890,g13890,,,gene14425,96.31;50.0;50.77;49.19;51.2;47.28;47.33;46.56;44.81;46.03;43.78;44.44;43.72;44.54;43.28;41.84;45.31;41.98;37.45;46.88;43.22;38.93;41.8;40.74;38.49;37.83;40.42;35.21;34.17;37.64;36.19;33.47;37.72;36.12;32.59;33.1;35.04;32.44;45.22;49.02;45.45,gene14425,"GeneID:111333431,Genbank:XM_022939001.1",MAM and LDL-receptor class A domain-containing protein 2-like,NCBI-GCF_002571385.1,Zonadhesion-like precursor,"Drake et al., 2013",,,,,,,,"Mass, T., Drake, J. L., Haramaty, L., Kim, J. D., Zelzion, E., Bhattacharya, D., & Falkowski, P. G. (2013). Cloning and characterization of four novel coral acid-rich proteins that precipitate carbonates in vitro. Current Biology, 23(12), 1126-1131."
P32 g5540,g5540,,,gene15279,72.280000000000001,gene15279,"GeneID:111334416,Genbank:XP_022795871.1",kielin/chordin-like protein,NCBI-GCF_002571385.1,Kielin/chordin llke,"Drake et al., 2013",,,,,,,,"Mass, T., H. M. Putnam, J. L. Drake, E. Zelzion, R. D. Gates, D. Bhattacharya and P. G. Falkowski (2016). Temporal and spatial expression patterns of biomineralization proteins during early development in the stony coral Pocillopora damicornis. Proc. R. Soc. B, The Royal Society"
P12 g2385,g2385,,,gene16153,89.129999999999995,gene16153,"GeneID:111335362,Genbank:XP_022796981.1",uncharacterized skeletal organic matrix protein 8-like,NCBI-GCF_002571385.1,Stylophora pistillata hypothetical protein,"Drake et al., 2013",,,,,,,,"Moya, A., Tambutté, S., Bertucci, A., Tambutté, E., Lotto, S., Vullo, D., Supuran, C.T., Allemand, D. and Zoccola, D., 2008. Carbonic anhydrase in the scleractinian coral Stylophora pistillata characterization, localization, and role in biomineralization. Journal of Biological Chemistry, 283(37), pp.25475-25484."
P4 g9861,g9861,,,gene1621,92.760000000000005,gene1621,"GeneID:111335580,Genbank:XM_022941529.1",protein MLP1-like,NCBI-GCF_002571385.1,Viral inclusion protein,"Drake et al., 2013",,,,,,,,"Mummadisetti, M. P., J. L. Drake and P. G. Falkowki (in review). ""The spatial network of skeletal proteins in a stony corals."" Journal of The Royal Society Interface"
P23 g1057,g1057,,,gene17085,90.49;31.83;30.05,gene17085,"GeneID:111336419,Genbank:XP_022798258.1",protein dachsous-like,NCBI-GCF_002571385.1,Protocadherin,"Drake et al., 2013",,,,,,,,"Neder, M., P. P. Laissue, A. Akiva, D. Akkaynak, M. Albéric, O. Spaeker, Y. Politi, I. Pinkas and T. Mass (2019). ""Mineral formation in the primary polyps of pocilloporoid corals."" Acta Biomaterialia"
P13 g6918,g6918,,,gene19649,41.719999999999999,gene19649,"GeneID:111339273,Genbank:XP_022801630.1",uncharacterized protein LOC111339273 isoform X2,NCBI-GCF_002571385.1,Sushi domain-containing,"Drake et al., 2013",,,,,,,,"Peled, Y., Drake, J. L., Malik, A., Almuly, R., Lalzar, M., Morgenstern, D., & Mass, T. (2020). Optimization of  skeletal protein preparation for LC-MS/MS sequencing yields additional coral skeletal proteins in  Stylophora pistillata. bioRxiv. "
P19g20041,g20041,,,gene2104,84.519999999999996,gene2104,"GeneID:111341314,Genbank:XP_022804012.1",EGF and laminin G domain-containing protein-like,NCBI-GCF_002571385.1,Contactin-associated protein,"Drake et al., 2013",,,,,,,,"Puverel, S., E. Tambutté, L. Pereira-Mouries, D. Zoccola, D. Allemand and S. Tambutté (2005). ""Soluble organic matrix of two Scleractinian corals: Partial and comparative analysis."" Comparative Biochemistry and Physiology Part B 141: 480-487"
P31 g20420,g20420,,,gene2104,84.780000000000001,gene2104,"GeneID:111341314,Genbank:XP_022804012.1",EGF and laminin G domain-containing protein-like,NCBI-GCF_002571385.1,Neurexin,"Drake et al., 2013",,,,,,,,"Ramos-Silva, P., Kaandorp, J., Huisman, L., Marie, B., Zanella-Cléon, I., Guichard, N., Miller, D.J. and Marin, F., 2013. The skeletal proteome of the coral Acropora millepora: the evolution of calcification by co-option and domain shuffling. Molecular Biology and Evolution, 30(9), pp.2099-2112."
P21 g18277,g18277,,,gene23405,89.010000000000005,gene23405,"GeneID:111343418,Genbank:XP_022806326.1",ZP domain-containing protein-like,NCBI-GCF_002571385.1,Zona pellucida,"Drake et al., 2013",,,,,,,,"Reyes-Bermudez, A., Lin, Z., Hayward, D. C., Miller, D. J., & Ball, E. E. (2009). Differential expression of three galaxin-related genes during settlement and metamorphosis in the scleractinian coral Acropora millepora. BMC Evolutionary Biology, 9(1), 1-12."
P16 g11702,g11702,,,gene3562,72.189999999999998,gene3562,"GeneID:111321434,Genbank:XP_022780049.1",uncharacterized protein LOC111321434,NCBI-GCF_002571385.1,Stylophora pistillata clone g11702 hypothetical protein gene,"Drake et al., 2013",,,,,,,,"Takeuchi, T., Yamada, L., Shinzato, C., Sawada, H., & Satoh, N. (2016). Stepwise evolution of coral biomineralization revealed with genome-wide proteomics and transcriptomics. PLoS One, 11(6)."
P33 g8985,g8985,,,gene4604,96.659999999999997,gene4604,"GeneID:111322521,Genbank:XM_022925629.1",uncharacterized LOC111322521,NCBI-GCF_002571385.1,Flagellar associated protein,"Drake et al., 2013",,,,,,,,"Zoccola, D., Ganot, P., Bertucci, A., Caminiti-Segonds, N., Techer, N., Voolstra, C. R., ... & Tambutté, S. (2015). Bicarbonate transporters in corals point towards a key step in the evolution of cnidarian calcification. Scientific Reports, 5, 9983."
P27 g18472,g18472,,,gene4928,87.769999999999996,gene4928,"GeneID:111322942,Genbank:XP_022781915.1",acidic skeletal organic matrix protein-like,NCBI-GCF_002571385.1,Integrin - alpha,"Drake et al., 2013",,,,,,,,"Zoccola, D., Tambutté, E., Kulhanek, E., Puverel, S., Scimeca, J. C., Allemand, D., & Tambutté, S. (2004). Molecular cloning and localization of a PMCA P-type calcium ATPase from the coral Stylophora pistillata. Biochimica et Biophysica Acta (BBA)-Biomembranes, 1663(1-2), 117-126."
P18 g810,g810,,,gene6098,90.72;37.34;40.53,gene6098,"GeneID:111324201,Genbank:XP_022783430.1",coadhesin-like,NCBI-GCF_002571385.1,Stylophora pistillata clone g810 alpha collagen-like protein gene,"Drake et al., 2013",,,,,,,,"Zoccola, D., Tambutté, E., Sénégas-Balas, F., Michiels, J. F., Failla, J. P., Jaubert, J., & Allemand, D. (1999). Cloning of a calcium channel α1 subunit from the reef-building coral, Stylophora pistillata. Gene, 227(2), 157-167."
P5 g11674,g11674,,,gene6099,53.18;36.13,gene6099,"GeneID:111324190,Genbank:XP_022783415.1",coadhesin-like isoform X3,NCBI-GCF_002571385.1,Hemicentin,"Drake et al., 2013",,,,,,,,
P14 g9951,g9951,,,gene6099,93.92;29.3,gene6099,"GeneID:111324190,Genbank:XP_022783415.1",coadhesin-like isoform X3,NCBI-GCF_002571385.1,clone g9951 alpha collagen-like protein gene,"Drake et al., 2013",,,,,,,,
P3 g12510,g12510,,,gene6099,86.38;33.58;30.72,gene6099,"GeneID:111324190,Genbank:XP_022783415.1",coadhesin-like isoform X3,NCBI-GCF_002571385.1,Thrombospondin,"Drake et al., 2013",,,,,,,,
P22 g19762,g19762,,,gene7604,80.299999999999997,gene7604,"GeneID:111325897,Genbank:XP_022785540.1",cell wall protein IFF6-like,NCBI-GCF_002571385.1,Stylophora pistillata clone g19762 hypothetical protein gene,"Drake et al., 2013",,,,,,,,
P8 g9654,g9654,,,gene8661,83.189999999999998,gene8661,"GeneID:111327082,Genbank:XP_022786917.1",major yolk protein-like isoform X1,NCBI-GCF_002571385.1,Major yolk protein,"Drake et al., 2013",,,,,,,,
P26 g1441,g1441,,,gene14547,73.44,gene14547,"GeneID:111333579,Genbank:XP_022794920.1",polyubiquitin-C,,clone g1441 vitellogenin-like protein gene,"Drake et al., 2013",,,,,,,,
P24 g15888,g15888,,,gene3329,96.75,gene3329,"GeneID:111321178,Genbank:XP_022779720.1",vitellogenin-like,,clone g15888 vitellogenin-like protein gene,"Drake et al., 2013",,,,,,,,
P9 g10811 ; P1 g11108 ; P10 g11107,g10811,,,gene35,55.52,gene35,"GeneID:111325259,Genbank:XP_022784808.1",protocadherin-like protein,,Protocadherin fat-like,"Drake et al., 2013",,,,,,,,
AGG36361.1,AGG36361.1,,,gene35,97.39,gene35,"GeneID:111325259,Genbank:XP_022784808.1",protocadherin-like protein,,Annotated: Protoacadherin (PC4),"Drake et al., 2013",,,,,,,,
JN631095.1,JN631095.1,,,gene23405,62.359999999999999,gene23405,"GeneID:111343418,Genbank:XP_022806326.1",ZP domain-containing protein-like,NCBI-GCF_002571385.1,Acropora millepora clone B26 hypothetical protein p251_4,"Hayward et al., 2011",,,,,,,,
AGE35226.1,AGE35226.1,,,gene13930,85.959999999999994,gene13930,"GeneID:111332896,Genbank:XP_022794104.1",phosphopantothenoylcysteine decarboxylase subunit VHS3-like isoform X2,NCBI-GCF_002571385.1,CARP3 [Stylophora pistillata],"Mass et al., 2013","Mass et al., 2016","Neder et al., 2019",,,,,,
AGE35225.2,AGE35225.2,,,gene7804,96.540000000000006,gene7804,"GeneID:111326134,Genbank:XP_022785805.1",reticulocalbin-2-like,NCBI-GCF_002571385.1,CARP1 [Stylophora pistillata],"Mass et al., 2013","Mass et al., 2016","Neder et al., 2019",,,,,,
AGE35227.1,AGE35227.1,,,SpisGene9146,84.730000000000004,SpisGene9146,gi|1263129928|gb|PFX26183.1|,NA,Spis,CARP2 [Stylophora pistillata],"Mass et al., 2013","Mass et al., 2016","Neder et al., 2019",,,,,,
ACE95141.1,ACE95141.1,,,gene19428,78.230000000000004,gene19428,"GeneID:111339045,Genbank:XP_022801359.1",carbonic anhydrase 2-like,NCBI-GCF_002571385.1,carbonic anhydrase [Stylophora pistillata],"Moya et al., 2008",,,,,,,,
Gene: g1647,g1647,,,gene14425,79.76;88.41;39.09;39.77;36.8;35.42;34.47;37.28;31.7;35.14;39.25;33.68;31.99;32.14;34.24;42.83;38.26;38.53;35.34;33.98;33.89;28.65;33.45;37.64;44.19;39.19,gene14425,"GeneID:111333431,Genbank:XM_022939001.1",MAM and LDL-receptor class A domain-containing protein 2-like,NCBI-GCF_002571385.1,Annotated: MAM and LDL receptor-containing (MAM LDL-1),"Mummadisetti et al., in review","Drake et al., 2013","Ramos-Silva et al., 2013","Takeuchi et al., 2016","Peled et al., 2020",,,,
Gene: g15955,g15955,,,gene14425,81.09;93.77;33.62;32.0;35.52;35.62;29.59;42.11;40.03;31.01;31.6;39.27;32.06;31.21;32.51;38.67;37.0;31.22;39.77;33.33;35.63;32.8;33.73;32.3;39.85;30.69;29.87;36.53;35.46;31.48;29.38;30.57;29.34;50.0,gene14425,"GeneID:111333431,Genbank:XM_022939001.1",MAM and LDL-receptor class A domain-containing protein 2-like,NCBI-GCF_002571385.1,Annotated: MAM and LDL receptor-containing protein (MAM LDL-2),"Mummadisetti et al., in review","Drake et al., 2013","Ramos-Silva et al., 2013","Takeuchi et al., 2016","Peled et al., 2020",,,,
Gene: g9094,g9094,,,gene14947,99.730000000000004,gene14947,"GeneID:111334041,Genbank:XP_022795461.1",actin%2C cytoplasmic isoform X3,NCBI-GCF_002571385.1,Annotated: Actin,"Mummadisetti et al., in review",,,,,,,,
Gene: g39770,g39770,,,gene15279,86.780000000000001,gene15279,"GeneID:111334416,Genbank:XP_022795871.1",kielin/chordin-like protein,NCBI-GCF_002571385.1,Annotated: Kielin-Like,"Mummadisetti et al., in review",,,,,,,,
Gene: g24177,g24177,,,gene17085,90.12;31.87;30.05,gene17085,"GeneID:111336419,Genbank:XP_022798258.1",protein dachsous-like,NCBI-GCF_002571385.1,Annotated: Protocadherin (PC5),"Mummadisetti et al., in review","Drake et al., 2013","Takeuchi et al., 2016",,,,,,
Gene: g5735.t1;,g5735.t1,,,gene1813,92.719999999999999,gene1813,"GeneID:111337151,Genbank:XP_022799135.1",tolloid-like protein 2,NCBI-GCF_002571385.1,Annotated: Tolloid-Like,"Mummadisetti et al., in review",,,,,,,,
Gene: g29034.t1,g29034.t1,,,gene19428,79.540000000000006,gene19428,"GeneID:111339045,Genbank:XP_022801359.1",carbonic anhydrase 2-like,NCBI-GCF_002571385.1,Annotated: CarbonicAnhyrase,"Mummadisetti et al., in review","Moya et al., 2008","Bertucci et al., 2011",,,,,,
Gene g29033.t1,g29033.t1,,,gene19428,76.730000000000004,gene19428,"GeneID:111339045,Genbank:XP_022801359.1",carbonic anhydrase 2-like,NCBI-GCF_002571385.1,Annotated: Carbonic Anhydrase (STPCA2-1),"Mummadisetti et al., in review","Moya et al., 2008","Bertucci et al., 2011",,,,,,
Gene: g27814,g27814,,,gene19428,83.840000000000003,gene19428,"GeneID:111339045,Genbank:XP_022801359.1",carbonic anhydrase 2-like,NCBI-GCF_002571385.1,Annotated: carbonic anhydrase (STPCA2-2),"Mummadisetti et al., in review",,,,,,,,
Gene: g7086,g7086,,,gene2104,86.879999999999995,gene2104,"GeneID:111341314,Genbank:XP_022804012.1",EGF and laminin G domain-containing protein-like,NCBI-GCF_002571385.1,Annotated: EGF and LamininG-Like (EGF LamG1),"Mummadisetti et al., in review","Ramos-Silva et al., 2013","Takeuchi et al., 2016","Peled et al., 2020",,,,,
Gene: g34749,g34749,,,gene2104,85.079999999999998,gene2104,"GeneID:111341314,Genbank:XP_022804012.1",EGF and laminin G domain-containing protein-like,NCBI-GCF_002571385.1,Annotated: EGF and LamininG-Like (EGF LamG2),"Mummadisetti et al., in review","Ramos-Silva et al., 2013","Takeuchi et al., 2016","Peled et al., 2020",,,,,
Gene: g8396,g8396,,,gene21373,87.5,gene21373,"GeneID:111341173,Genbank:XP_022803859.1",histone H3.v1-like,NCBI-GCF_002571385.1,"Annotated: N/A, named it CARP6-partial","Mummadisetti et al., in review",,,,,,,,
Gene: g37058,g37058,,,gene21988,87.5;41.91;53.63,gene21988,"GeneID:111341849,Genbank:XP_022804608.1",fibronectin type III domain-containing protein-like,NCBI-GCF_002571385.1,Annotated: Fibronectin (Fibronectin-2),"Mummadisetti et al., in review",,,,,,,,
Gene: g38881,g38881,,,gene22081,83.180000000000007,gene22081,"GeneID:111341950,Genbank:XP_022804727.1",uncharacterized protein LOC111341950 isoform X1,NCBI-GCF_002571385.1,Annotated: Uncharacterized protein (USOMP14),"Mummadisetti et al., in review",,,,,,,,
Gene: g907,g907,,,gene23405,89.739999999999995,gene23405,"GeneID:111343418,Genbank:XP_022806326.1",ZP domain-containing protein-like,NCBI-GCF_002571385.1,Annotated: Zona Pellucida (ZP domain-containing),"Mummadisetti et al., in review","Drake et al., 2013","Takeuchi et al., 2016","Peled et al., 2020",,,,,
Gene: g22569,g22569,,,gene26693,76.959999999999994,gene26693,"GeneID:111347039,Genbank:XP_022810032.1",fibronectin type III domain-containing protein-like,NCBI-GCF_002571385.1,Annotated: Fibronectin,"Mummadisetti et al., in review",,,,,,,,
Gene: g30,g30,,,gene35,91.79;27.38;29.28;26.65;26.64;24.68;28.91,gene35,"GeneID:111325259,Genbank:XP_022784808.1",protocadherin-like protein,NCBI-GCF_002571385.1,Annotated: Protoacadherin (PC4),"Mummadisetti et al., in review","Drake et al., 2013","Takeuchi et al., 2016",,,,,,
Gene: g10188,g10188,,,gene35,91.83;26.92,gene35,"GeneID:111325259,Genbank:XP_022784808.1",protocadherin-like protein,NCBI-GCF_002571385.1,Annotated: Protocadherin (PC3),"Mummadisetti et al., in review","Drake et al., 2013","Takeuchi et al., 2016",,,,,,
Gene: g2116,g2116,,,gene35,84.189999999999998,gene35,"GeneID:111325259,Genbank:XP_022784808.1",protocadherin-like protein,NCBI-GCF_002571385.1,Annotated: Protocadherin (PC1),"Mummadisetti et al., in review","Drake et al., 2013","Takeuchi et al., 2016",,,,,,
Gene: g10187,g10187,,,gene35,90.25;28.31,gene35,"GeneID:111325259,Genbank:XP_022784808.1",protocadherin-like protein,NCBI-GCF_002571385.1,Annotated: Protocadherin (PC3),"Mummadisetti et al., in review","Drake et al., 2013","Takeuchi et al., 2016",,,,,,
Gene: g2115,g2115,,,gene35,92.32;32.33;30.79;31.05;24.32;26.33,gene35,"GeneID:111325259,Genbank:XP_022784808.1",protocadherin-like protein,NCBI-GCF_002571385.1,Annotated: Cadherin,"Mummadisetti et al., in review","Drake et al., 2013","Takeuchi et al., 2016",,,,,,
Gene: g30385.t1,g30385.t1,,,gene3562,89.879999999999995,gene3562,"GeneID:111321434,Genbank:XP_022780049.1",uncharacterized protein LOC111321434,NCBI-GCF_002571385.1,Annotated: USOMPS13,"Mummadisetti et al., in review",,,,,,,,
Gene: g13552,g13552,,,gene4928,59.600000000000001,gene4928,"GeneID:111322942,Genbank:XP_022781915.1",acidic skeletal organic matrix protein-like,NCBI-GCF_002571385.1,Acidic SOMP (Full-Length p27),"Mummadisetti et al., in review",,,,,,,,
Gene: g11190,g11190,,,gene517,83.620000000000005,gene517,"GeneID:111324090,Genbank:XP_022783323.1",phosphopantothenoylcysteine decarboxylase subunit VHS3-like,NCBI-GCF_002571385.1,Annotated: USOMP12,"Mummadisetti et al., in review",,,,,,,,
Gene: 10186,g10186,,,gene5242,90.480000000000004,gene5242,"GeneID:111323336,Genbank:XP_022782398.1",skeletal aspartic acid-rich protein 1-like,NCBI-GCF_002571385.1,Annotated: Protocadherin (PC2),"Mummadisetti et al., in review","Drake et al., 2013","Takeuchi et al., 2016",,,,,,
Gene: g10186,g10186,,,gene5242,90.480000000000004,gene5242,"GeneID:111323336,Genbank:XP_022782398.1",skeletal aspartic acid-rich protein 1-like,NCBI-GCF_002571385.1,Annotated: CARP4,"Mummadisetti et al., in review","Puverel et al., 2005","Mass et al., 2013","Ramos-Silva et al., 2013","Mass et al., 2016","Takeuchi et al., 2016","Neder et al., 2019","Peled et al., 2020",
Gene: g14733,g14733,,,gene5242,90.650000000000006,gene5242,"GeneID:111323336,Genbank:XP_022782398.1",skeletal aspartic acid-rich protein 1-like,NCBI-GCF_002571385.1,Annotated: CARP4,"Mummadisetti et al., in review","Puverel et al., 2005","Mass et al., 2013","Ramos-Silva et al., 2013","Mass et al., 2016","Takeuchi et al., 2016","Neder et al., 2019","Peled et al., 2020",
Gene g3745.t1,g3745.t1,,,gene5242,91.060000000000002,gene5242,"GeneID:111323336,Genbank:XP_022782398.1",skeletal aspartic acid-rich protein 1-like,NCBI-GCF_002571385.1,Annotated: CARP4,"Mummadisetti et al., in review","Puverel et al., 2005","Mass et al., 2013","Ramos-Silva et al., 2013","Mass et al., 2016","Takeuchi et al., 2016","Neder et al., 2019","Peled et al., 2020",
Gene: g38128,g38128,,,gene6098,89.930000000000007,gene6098,"GeneID:111324201,Genbank:XP_022783430.1",coadhesin-like,NCBI-GCF_002571385.1,Annotated: α-Collagen,"Mummadisetti et al., in review","Drake et al., 2013","Peled et al., 2020",,,,,,
Gene: g2829.t1,g2829.t1,,,gene6099,79.959999999999994,gene6099,"GeneID:111324190,Genbank:XP_022783415.1",coadhesin-like isoform X3,NCBI-GCF_002571385.1,Annotated: Coadhesin,"Mummadisetti et al., in review","Drake et al., 2013","Peled et al., 2020",,,,,,
Gene: g2829,g2829,,,gene6099,86.38;33.58;30.72,gene6099,"GeneID:111324190,Genbank:XP_022783415.1",coadhesin-like isoform X3,NCBI-GCF_002571385.1,Annotated: Thrombospondin-like protein (Thrombospondin),"Mummadisetti et al., in review",,,,,,,,
Gene: g1484,g1484,,,gene7804,96.540000000000006,gene7804,"GeneID:111326134,Genbank:XP_022785805.1",reticulocalbin-2-like,NCBI-GCF_002571385.1,Annotated: CARP1,"Mummadisetti et al., in review","Mass et al., 2013","Neder et al., 2019",,,,,,
Gene: g7193,g7193,,,SpisGene9146,84.730000000000004,SpisGene9146,gi|1263129928|gb|PFX26183.1|,NA,Spis,Annotated: CARP2,"Mummadisetti et al., in review",,,,,,,,
Gene: Locus_65031_Transcript_1/1,Locus_65031_Transcript_1/1,,,gene4012,80.73,gene4012,"GeneID:111321935,Genbank:XP_022780690.1",skeletal aspartic acid-rich protein 2-like,,Annotated: CARP5,"Mummadisetti et al., in review",,,,,,,,
Gene: g15294.t1,g15294.t1,,,gene3329,84.02,gene3329,"GeneID:111321178,Genbank:XP_022779720.1",vitellogenin-like,,Annotated: Vitellogenin,"Mummadisetti et al., in review","Drake et al., 2013","Peled et al., 2020",,,,,,
Gene: Locus_8768_Transcript_1/2,Locus_8768_Transcript_1/2,,,gene26851,47.22,gene26851,"GeneID:111347205,Genbank:XP_022810205.1",uncharacterized protein LOC111347205,,Annotated: Sushi-domain,"Mummadisetti et al., in review",,,,,,,,
PFX26597.1,PFX26597.1,gene10156,j (Potentially novel isoform (fragment): at least one splice junction is shared with a reference transcript),gene10156,96.939999999999998,gene10156,"GeneID:111328748,Genbank:XP_022788977.1",LOW QUALITY PROTEIN: complement C3-like,NCBI-GCF_002571385.1,Complement C3 [Stylophora pistillata],"Peled et al., 2020",,,,,,,,
XP_022789591.1,XP_022789591.1,gene10566,,,,gene10566,"GeneID:111329224,Genbank:XP_022789590.1",endothelin-converting enzyme 1-like isoform X1,NCBI-GCF_002571385.1,endothelin-converting enzyme 1-like isoform X2 [Stylophora pistillata],"Peled et al., 2020",,,,,,,,
XP_022789932.1,XP_022789932.1,gene10816,,,,gene10816,"GeneID:111329479,Genbank:XP_022789932.1",MAGUK p55 subfamily member 7-like,NCBI-GCF_002571385.1,MAGUK p55 subfamily member 7-like [Stylophora pistillata],"Peled et al., 2020",,,,,,,,
XP_022790441.1,XP_022790441.1,gene11220,,,,gene11220,"GeneID:111329942,Genbank:XP_022790441.1",PHD finger protein 21A-like,NCBI-GCF_002571385.1,PHD finger protein 21A-like [Stylophora pistillata],"Peled et al., 2020",,,,,,,,
XP_022792212.1,XP_022792212.1,gene12555,,,,gene12555,"GeneID:111331373,Genbank:XP_022792212.1",ras-like protein 3,NCBI-GCF_002571385.1,ras-like protein 3 [Stylophora pistillata],"Peled et al., 2020",,,,,,,,
XP_022794122.1,XP_022794122.1,gene13931,,gene13931,100,gene13931,"GeneID:111332911,Genbank:XP_022794122.1",galaxin-like isoform X2,NCBI-GCF_002571385.1,galaxin-like isoform X2 [Stylophora pistillata],"Peled et al., 2020","Ramos-Silva et al., 2013","Takeuchi et al., 2016",,,,,,
XP_022794351.1,XP_022794351.1,gene14094,,gene14094,100,gene14094,"GeneID:111333098,Genbank:XP_022794351.1",mammalian ependymin-related protein 1-like,NCBI-GCF_002571385.1,mammalian ependymin-related protein 1-like [Stylophora pistillata],"Peled et al., 2020",,,,,,,,
XP_022794736.1,XP_022794736.1,gene14425,,gene14425,100,gene14425,"GeneID:111333431,Genbank:XM_022939001.1",MAM and LDL-receptor class A domain-containing protein 2-like,NCBI-GCF_002571385.1,MAM and LDL-receptor class A domain-containing protein 2-like [Stylophora pistillata],"Peled et al., 2020",,,,,,,,
XP_022796981.1,XP_022796981.1,gene16153,,gene16153,100,gene16153,"GeneID:111335362,Genbank:XP_022796981.1",uncharacterized skeletal organic matrix protein 8-like,NCBI-GCF_002571385.1,uncharacterized skeletal organic matrix protein 8-like [Stylophora pistillata],"Peled et al., 2020",,,,,,,,
XP_022796982.1,XP_022796982.1,gene16156,,gene16156,100,gene16156,"GeneID:111335364,Genbank:XP_022796982.1",uncharacterized protein LOC111335364,NCBI-GCF_002571385.1,uncharacterized protein LOC111335364 [Stylophora pistillata],"Peled et al., 2020",,,,,,,,
XP_022798902.1,XP_022798902.1,gene17602,,gene17602,100,gene17602,"GeneID:111336974,Genbank:XP_022798902.1",low-density lipoprotein receptor-related protein 8-like,NCBI-GCF_002571385.1,low-density lipoprotein receptor-related protein 8-like [Stylophora pistillata],"Peled et al., 2020",,,,,,,,
XP_022799541.1,XP_022799541.1,gene18041,,gene18041,100,gene18041,"GeneID:111337489,Genbank:XP_022799541.1",uncharacterized protein LOC111337489,NCBI-GCF_002571385.1,uncharacterized protein LOC111337489 [Stylophora pistillata],"Peled et al., 2020",,,,,,,,
XP_022799089.1,XP_022799089.1,gene1815,,,,gene1815,"GeneID:111337112,Genbank:XP_022799082.1",CUB domain-containing protein-like isoform X1,NCBI-GCF_002571385.1,CUB domain-containing protein-like isoform X2 [Stylophora pistillata],"Peled et al., 2020",,,,,,,,
PFX18785.1,PFX18785.1,gene19429,j (Potentially novel isoform (fragment): at least one splice junction is shared with a reference transcript),gene19434,100,gene19429,"GeneID:111339022,Genbank:XM_022945598.1",mucin-like protein,NCBI-GCF_002571385.1,Mucin-4 [Stylophora pistillata],"Peled et al., 2020","Takeuchi et al., 2016",,,,,,,
XP_022804012.1,XP_022804012.1,gene2104,,,,gene2104,"GeneID:111341314,Genbank:XP_022804012.1",EGF and laminin G domain-containing protein-like,NCBI-GCF_002571385.1,EGF and laminin G domain-containing protein-like [Stylophora pistillata],"Peled et al., 2020","Ramos-Silva et al., 2013","Takeuchi et al., 2016",,,,,,
XP_022803524.1,XP_022803524.1,gene21087,,gene21087,100,gene21087,"GeneID:111340870,Genbank:XP_022803524.1",digestive cysteine proteinase 1-like,NCBI-GCF_002571385.1,digestive cysteine proteinase 1-like [Stylophora pistillata],"Peled et al., 2020",,,,,,,,
XP_022803808.1,XP_022803808.1,gene21310,,gene21310,100,gene21310,"GeneID:111341121,Genbank:XP_022803808.1",deleted in malignant brain tumors 1 protein-like,NCBI-GCF_002571385.1,deleted in malignant brain tumors 1 protein-like [Stylophora pistillata],"Peled et al., 2020",,,,,,,,
XP_022803872.1,XP_022803872.1,gene21371,,gene21371,100,gene21371,"GeneID:111341186,Genbank:XP_022803870.1",uncharacterized protein DDB_G0290685-like isoform X1,NCBI-GCF_002571385.1,spore wall protein 2-like isoform X3 [Stylophora pistillata],"Peled et al., 2020",,,,,,,,
XP_022803894.1,XP_022803894.1,gene21401,,gene21401,100,gene21401,"GeneID:111341206,Genbank:XM_022948159.1",UDP-glucose 6-dehydrogenase-like,NCBI-GCF_002571385.1,uncharacterized protein LOC111341206 [Stylophora pistillata],"Peled et al., 2020",,,,,,,,
XP_022804785.1,XP_022804785.1,gene22122,,gene22122,100,gene22122,"GeneID:111342005,Genbank:XM_022949050.1",thioredoxin reductase 1%2C cytoplasmic-like,NCBI-GCF_002571385.1,"thioredoxin reductase 1, cytoplasmic-like [Stylophora pistillata]","Peled et al., 2020",,,,,,,,
PFX16398.1,PFX16398.1,gene22354,j (Potentially novel isoform (fragment): at least one splice junction is shared with a reference transcript),gene22354,44.880000000000003,gene22354,"GeneID:111342274,Genbank:XP_022805071.1",uncharacterized protein LOC111342274,NCBI-GCF_002571385.1,hypothetical protein AWC38_SpisGene19330 [Stylophora pistillata],"Peled et al., 2020",,,,,,,,
XP_022805470.1,XP_022805470.1,gene22688,,gene22688,100,gene22688,"GeneID:111342641,Genbank:XP_022805470.1",uncharacterized protein LOC111342641,NCBI-GCF_002571385.1,uncharacterized protein LOC111342641 [Stylophora pistillata],"Peled et al., 2020",,,,,,,,
PFX15740.1,PFX15740.1,gene23171,j (Potentially novel isoform (fragment): at least one splice junction is shared with a reference transcript),gene23171,99.859999999999999,gene23171,"GeneID:111343173,Genbank:XP_022806058.1",uncharacterized protein LOC111343173 isoform X1,NCBI-GCF_002571385.1,Protein FAM208A [Stylophora pistillata],"Peled et al., 2020",,,,,,,,
XP_022806326.1,XP_022806326.1,gene23405,,gene23405,100,gene23405,"GeneID:111343418,Genbank:XP_022806326.1",ZP domain-containing protein-like,NCBI-GCF_002571385.1,ZP domain-containing protein-like [Stylophora pistillata],"Peled et al., 2020","Drake et al., 2013","Takeuchi et al., 2016",,,,,,
XP_022806664.1,XP_022806664.1,gene23682,,gene23682,100,gene23682,"GeneID:111343745,Genbank:XP_022806664.1",protein lingerer-like,NCBI-GCF_002571385.1,protein lingerer-like [Stylophora pistillata],"Peled et al., 2020",,,,,,,,
XP_022806928.1,XP_022806928.1,gene23909,,gene23909,100,gene23909,"GeneID:111343988,Genbank:XM_022951193.1",SLIT-ROBO Rho GTPase-activating protein 1-like,NCBI-GCF_002571385.1,SLIT-ROBO Rho GTPase-activating protein 1-like [Stylophora pistillata],"Peled et al., 2020",,,,,,,,
XP_022807143.1,XP_022807143.1,gene24096,,gene24096,98.170000000000002,gene24096,"GeneID:111344196,Genbank:XP_022807143.1",condensin-2 complex subunit D3-like,NCBI-GCF_002571385.1,condensin-2 complex subunit D3-like [Stylophora pistillata],"Peled et al., 2020",,,,,,,,
XP_022807256.1,XP_022807256.1,gene24197,,gene24197,100,gene24197,"GeneID:111344300,Genbank:XP_022807256.1",uncharacterized protein LOC111344300,NCBI-GCF_002571385.1,uncharacterized protein LOC111344300 [Stylophora pistillata],"Peled et al., 2020",,,,,,,,
XP_022807807.1,XP_022807807.1,gene24657,,gene24657,100,gene24657,"GeneID:111344812,Genbank:XP_022807807.1",uncharacterized protein LOC111344812,NCBI-GCF_002571385.1,uncharacterized protein LOC111344812 [Stylophora pistillata],"Peled et al., 2020",,,,,,,,
PFX14205.1,PFX14205.1,gene24922,j (Potentially novel isoform (fragment): at least one splice junction is shared with a reference transcript),gene2182,61,gene24922,"GeneID:111345092,Genbank:XM_022952354.1",ephrin type-B receptor 2-like,NCBI-GCF_002571385.1,"Proto-oncogene tyrosine-protein kinase receptor Ret, partial [Stylophora pistillata]","Peled et al., 2020",,,,,,,,
XP_022808163.1,XP_022808163.1,gene24974,,gene24974,100,gene24974,"GeneID:111345150,Genbank:XP_022808163.1",uncharacterized protein LOC111345150,NCBI-GCF_002571385.1,uncharacterized protein LOC111345150 [Stylophora pistillata],"Peled et al., 2020",,,,,,,,
XP_022808576.1,XP_022808576.1,gene25348,,gene25348,100,gene25348,"GeneID:111345553,Genbank:XP_022808575.1",uncharacterized protein LOC111345553 isoform X1,NCBI-GCF_002571385.1,uncharacterized protein LOC111345553 isoform X2 [Stylophora pistillata],"Peled et al., 2020",,,,,,,,
PFX13778.1,PFX13778.1,gene25409,j (Potentially novel isoform (fragment): at least one splice junction is shared with a reference transcript),gene25409,94.45;77.15;100.0;63.4;99.26;32.16;26.15;27.17;32.53;49.54,gene25409,"GeneID:111345629,Genbank:XP_022808646.1",sacsin-like,NCBI-GCF_002571385.1,Sacsin [Stylophora pistillata],"Peled et al., 2020",,,,,,,,
XP_022809269.1,XP_022809269.1,gene25959,,gene25959,100,gene25959,"GeneID:111346235,Genbank:XP_022809269.1",microtubule-associated tumor suppressor 1 homolog isoform X1,NCBI-GCF_002571385.1,microtubule-associated tumor suppressor 1 homolog isoform X1 [Stylophora pistillata],"Peled et al., 2020",,,,,,,,
XP_022809270.1,XP_022809270.1,gene25959,,gene25959,100,gene25959,"GeneID:111346235,Genbank:XP_022809269.1",microtubule-associated tumor suppressor 1 homolog isoform X1,NCBI-GCF_002571385.1,microtubule-associated tumor suppressor 1 homolog isoform X2 [Stylophora pistillata],"Peled et al., 2020",,,,,,,,
PFX12726.1,PFX12726.1,gene26587,j (Potentially novel isoform (fragment): at least one splice junction is shared with a reference transcript),SpisGene22634,37.380000000000003,gene26587,"GeneID:111346923,Genbank:XP_022809910.1",uncharacterized protein LOC111346923 isoform X1,NCBI-GCF_002571385.1,Retrovirus-related Pol polyprotein from transposon 17.6 [Stylophora pistillata],"Peled et al., 2020",,,,,,,,
XP_022810585.1,XP_022810585.1,gene27230,,gene27230,100,gene27230,"GeneID:111347618,Genbank:XM_022954850.1",von Willebrand factor D and EGF domain-containing protein-like,NCBI-GCF_002571385.1,"von Willebrand factor D and EGF domain-containing protein-like, partial [Stylophora pistillata]","Peled et al., 2020",,,,,,,,
XP_022778254.1,XP_022778254.1,gene28188,,gene28188,100,gene28188,"GeneID:111319781,Genbank:XM_022922519.1",bifunctional NAD(P)H-hydrate repair enzyme Nnr-like,NCBI-GCF_002571385.1,uncharacterized protein LOC111319781 [Stylophora pistillata],"Peled et al., 2020",,,,,,,,
XP_022778283.1,XP_022778283.1,gene28221,,gene28221,100,gene28221,"GeneID:111319816,Genbank:XM_022922548.1",uncharacterized LOC111319816,NCBI-GCF_002571385.1,"uncharacterized protein LOC111319816, partial [Stylophora pistillata]","Peled et al., 2020",,,,,,,,
XP_022779720.1,XP_022779720.1,gene3329,,,,gene3329,"GeneID:111321178,Genbank:XP_022779720.1",vitellogenin-like,NCBI-GCF_002571385.1,vitellogenin-like [Stylophora pistillata],"Peled et al., 2020","Drake et al., 2013",,,,,,,
XP_022780303.1,XP_022780303.1,gene3730,,,,gene3730,"GeneID:111321626,Genbank:XP_022780303.1",LOW QUALITY PROTEIN: uncharacterized protein LOC111321626,NCBI-GCF_002571385.1,LOW QUALITY PROTEIN: uncharacterized protein LOC111321626 [Stylophora pistillata],"Peled et al., 2020",,,,,,,,
XP_022780694.1,XP_022780694.1,gene3981,,,,gene3981,"GeneID:111321937,Genbank:XP_022780694.1",CUB and peptidase domain-containing protein 2-like,NCBI-GCF_002571385.1,CUB and peptidase domain-containing protein 2-like [Stylophora pistillata],"Peled et al., 2020",,,,,,,,
XP_022780690.1,XP_022780690.1,gene4012,,,,gene4012,"GeneID:111321935,Genbank:XP_022780690.1",skeletal aspartic acid-rich protein 2-like,NCBI-GCF_002571385.1,skeletal aspartic acid-rich protein 2-like (CARP5),"Peled et al., 2020","Ramos-Silva et al., 2013","Takeuchi et al., 2016",,,,,,
PFX30903.1,PFX30903.1,gene4928,j (Potentially novel isoform (fragment): at least one splice junction is shared with a reference transcript),,,gene4928,"GeneID:111322942,Genbank:XP_022781915.1",acidic skeletal organic matrix protein-like,NCBI-GCF_002571385.1,hypothetical protein AWC38_SpisGene4292 [Stylophora pistillata],"Peled et al., 2020",,,,,,,,
XP_022783323.1,XP_022783323.1,gene517,,,,gene517,"GeneID:111324090,Genbank:XP_022783323.1",phosphopantothenoylcysteine decarboxylase subunit VHS3-like,NCBI-GCF_002571385.1,phosphopantothenoylcysteine decarboxylase subunit VHS3-like [Stylophora pistillata],"Peled et al., 2020",,,,,,,,
XP_022782398.1,XP_022782398.1,gene5242,,,,gene5242,"GeneID:111323336,Genbank:XP_022782398.1",skeletal aspartic acid-rich protein 1-like,NCBI-GCF_002571385.1,skeletal aspartic acid-rich protein 1-like (CARP4),"Peled et al., 2020","Puverel et al., 2005","Mass et al., 2013","Ramos-Silva et al., 2013","Mass et al., 2016","Takeuchi et al., 2016","Neder et al., 2019",,
XP_022783044.1,XP_022783044.1,gene5780,,,,gene5780,"GeneID:111323869,Genbank:XP_022783044.1",uncharacterized protein LOC111323869,NCBI-GCF_002571385.1,uncharacterized protein LOC111323869 [Stylophora pistillata],"Peled et al., 2020",,,,,,,,
XP_022783415.1,XP_022783415.1,gene6099,,,,gene6099,"GeneID:111324190,Genbank:XP_022783415.1",coadhesin-like isoform X3,NCBI-GCF_002571385.1,coadhesin-like isoform X3 [Stylophora pistillata],"Peled et al., 2020","Drake et al., 2013",,,,,,,
XP_022783952.1,XP_022783952.1,gene6426,,,,gene6426,"GeneID:111324609,Genbank:XP_022783952.1",collagenase 3-like,NCBI-GCF_002571385.1,collagenase 3-like [Stylophora pistillata],"Peled et al., 2020","Drake et al., 2013",,,,,,,
XP_022784623.1,XP_022784623.1,gene6975,,,,gene6975,"GeneID:111325149,Genbank:XP_022784623.1",cation channel sperm-associated protein subunit beta-like,NCBI-GCF_002571385.1,cation channel sperm-associated protein subunit beta-like [Stylophora pistillata],"Peled et al., 2020",,,,,,,,
XP_022786918.1,XP_022786918.1,gene8661,,,,gene8661,"GeneID:111327082,Genbank:XP_022786917.1",major yolk protein-like isoform X1,NCBI-GCF_002571385.1,major yolk protein-like isoform X2 [Stylophora pistillata],"Peled et al., 2020","Drake et al., 2013",,,,,,,
PFX27832.1,PFX27832.1,gene8675,j (Potentially novel isoform (fragment): at least one splice junction is shared with a reference transcript),,,gene8675,"GeneID:111327084,Genbank:XM_022931187.1",poly [ADP-ribose] polymerase 12-like%2C transcript variant X3,NCBI-GCF_002571385.1,Poly [ADP-ribose] polymerase 11 [Stylophora pistillata],"Peled et al., 2020",,,,,,,,
XP_022786582.1,XP_022786582.1,gene922,,,,gene922,"GeneID:111326763,Genbank:XP_022786579.1",synapsin-2-like isoform X1,NCBI-GCF_002571385.1,synapsin-2-like isoform X2 [Stylophora pistillata],"Peled et al., 2020",,,,,,,,
XP_022788227.1,XP_022788227.1,gene9579,,,,gene9579,"GeneID:111328120,Genbank:XP_022788227.1",hephaestin-like protein,NCBI-GCF_002571385.1,hephaestin-like protein [Stylophora pistillata],"Peled et al., 2020","Takeuchi et al., 2016",,,,,,,
PFX26751.1,PFX26751.1,gene9948,j (Potentially novel isoform (fragment): at least one splice junction is shared with a reference transcript),,,gene9948,"GeneID:111328531,Genbank:XP_022788730.1",chymotrypsin-like elastase family member 1,NCBI-GCF_002571385.1,Transmembrane protease serine 9 [Stylophora pistillata],"Peled et al., 2020",,,,,,,,
XP_022788730.1,XP_022788730.1,gene9948,,,,gene9948,"GeneID:111328531,Genbank:XP_022788730.1",chymotrypsin-like elastase family member 1,NCBI-GCF_002571385.1,chymotrypsin-like elastase family member 1 [Stylophora pistillata],"Peled et al., 2020",,,,,,,,
PFX12813.1,PFX12813.1,SpisGene23165,u (unique),SpisGene23165,100,SpisGene23165,gi|1263115517|gb|PFX12813.1|,NA,Spis,hypothetical protein AWC38_SpisGene23165 [Stylophora pistillata],"Peled et al., 2020",,,,,,,,
PFX31810.1,PFX31810.1,SpisGene3412,u (unique),,,SpisGene3412,gi|1263135656|gb|PFX31810.1|,NA,Spis,Nidogen-2 [Stylophora pistillata],"Peled et al., 2020",,,,,,,,
PFX30831.1,PFX30831.1,SpisGene4366,u (unique),,,SpisGene4366,gi|1263134664|gb|PFX30831.1|,NA,Spis,hypothetical protein AWC38_SpisGene4366 [Stylophora pistillata],"Peled et al., 2020",,,,,,,,
XP_022791567.1,XP_022791567.1,gene12069,,,,gene12069,"GeneID:111330865,Genbank:XP_022791567.1",anion exchange protein 2-like,NCBI-GCF_002571385.1,anion exchange protein 2-like,"Zoccola et al., 2015",,,,,,,,
XP_022800329.1,XP_022800329.1,gene1930,,,,gene1930,"GeneID:111338156,Genbank:XP_022800320.1",sulfate anion transporter 1-like isoform X1,NCBI-GCF_002571385.1,sulfate anion transporter 1-like isoform X2,"Zoccola et al., 2015",,,,,,,,
XP_022800320.1,XP_022800320.1,gene1930,,,,gene1930,"GeneID:111338156,Genbank:XP_022800320.1",sulfate anion transporter 1-like isoform X1,NCBI-GCF_002571385.1,sulfate anion transporter 1-like isoform X1,"Zoccola et al., 2015",,,,,,,,
XP_022800339.1,XP_022800339.1,gene1931,,,,gene1931,"GeneID:111338171,Genbank:XP_022800348.1",solute carrier family 26 member 10-like isoform X2,NCBI-GCF_002571385.1,sulfate anion transporter 1-like isoform X1,"Zoccola et al., 2015",,,,,,,,
XP_022801463.1,XP_022801463.1,gene19533,,,,gene19533,"GeneID:111339139,Genbank:XP_022801462.1",electroneutral sodium bicarbonate exchanger 1-like isoform X1,NCBI-GCF_002571385.1,sodium bicarbonate cotransporter 3-like isoform X2,"Zoccola et al., 2015",,,,,,,,
XP_022781731.1,XP_022781731.1,gene4816,,,,gene4816,"GeneID:111322812,Genbank:XM_022925996.1",sodium-independent sulfate anion transporter-like%2C transcript variant X1,NCBI-GCF_002571385.1,sodium-independent sulfate anion transporter-like 2C transcript variant X1,"Zoccola et al., 2015",,,,,,,,
XP_022783031.1,XP_022783031.1,gene5859,,,,gene5859,"GeneID:111323853,Genbank:XP_022783031.1",sodium bicarbonate transporter-like protein 11,NCBI-GCF_002571385.1,sodium bicarbonate transporter-like protein 11,"Zoccola et al., 2015",,,,,,,,
XP_022788270.1,XP_022788270.1,gene9676,,,,gene9676,"GeneID:111328161,Genbank:XP_022788270.1",band 3 anion transport protein-like,NCBI-GCF_002571385.1,band 3 anion transport protein-like,"Zoccola et al., 2015",,,,,,,,
AJQ31790.1,AJQ31790.1,,,gene9677,99.799999999999997,gene9677,"GeneID:111328195,Genbank:XM_022932572.1",anion exchange protein 2-like%2C transcript variant X1,NCBI-GCF_002571385.1,solute carrier family 4 member gamma [Stylophora pistillata],"Zoccola et al., 2015",,,,,,,,
JR983175.1,JR983175.1,,,gene10810,35.560000000000002,gene10810,"GeneID:111329446,Genbank:XM_022934156.1",aspartic and glutamic acid-rich protein-like%2C transcript variant X2,NCBI-GCF_002571385.1,Glu-rich protein,"Ramos-Silva et al., 2013",,,,,,,,
JR976690.1,JR976690.1,,,gene13931,37.810000000000002,gene13931,"GeneID:111332911,Genbank:XP_022794122.1",galaxin-like isoform X2,NCBI-GCF_002571385.1,Galaxin 2,"Ramos-Silva et al., 2013",,,,,,,,
JR994474.1,JR994474.1,,,gene14425,73.25;46.94;36.12;42.22;42.49;32.44;32.87;33.05;40.91;31.59;39.16;32.71;36.42;33.61;31.2;31.4;29.72;33.37;28.62;31.91;39.74;38.19;29.54;37.19;38.93;35.94;33.83;35.11;30.28;33.59;35.94;34.92,gene14425,"GeneID:111333431,Genbank:XM_022939001.1",MAM and LDL-receptor class A domain-containing protein 2-like,NCBI-GCF_002571385.1,MAM and LDL-receptor domain- containing protein 2,"Ramos-Silva et al., 2013","Drake et al., 2013",,,,,,,
JT011118.1,JT011118.1,,,gene14425,65.76;57.37;37.44;32.53;31.74;37.51;39.49;36.25;40.18;35.02;34.09;33.63;41.83;32.78;32.02;33.61;39.25;38.86;36.42;33.52;32.34;43.98;29.94;38.55;42.79;33.67;32.07;29.44;33.67;39.53,gene14425,"GeneID:111333431,Genbank:XM_022939001.1",MAM and LDL-receptor class A domain-containing protein 2-like,NCBI-GCF_002571385.1,MAM and LDL-receptor domain- containing protein 1,"Ramos-Silva et al., 2013","Drake et al., 2013",,,,,,,
JT014391.1,JT014391.1,,,gene16152,42.5,gene16152,"GeneID:111335394,Genbank:XM_022941286.1",uncharacterized skeletal organic matrix protein 8-like,NCBI-GCF_002571385.1,Uncharacterized skeletal organic matrix protein-8 (USOMP-8),"Ramos-Silva et al., 2013",,,,,,,,
JR973117.1,JR973117.1,,,gene16763,56.82,gene16763,"GeneID:111336049,Genbank:XP_022797811.1",uncharacterized skeletal organic matrix protein 5-like,NCBI-GCF_002571385.1,Uncharacterized skeletal organic matrix protein-5 (USOMP-5),"Ramos-Silva et al., 2013",,,,,,,,
JR989025.1,JR989025.1,,,gene1811,30.0;40.54,gene1811,"GeneID:111337101,Genbank:XP_022799072.1",CUB domain-containing protein-like,NCBI-GCF_002571385.1,CUB domain-containing protein,"Ramos-Silva et al., 2013",,,,,,,,
JR998014.1,JR998014.1,,,gene19425,43.57,gene19425,"GeneID:111339020,Genbank:XM_022945596.1",carbonic anhydrase 2-like,NCBI-GCF_002571385.1,Putative carbonic anhydrase,"Ramos-Silva et al., 2013","Bertucci et al., 2011",,,,,,,
JR987773,JR987773,,,gene19649,37.159999999999997,gene19649,"GeneID:111339273,Genbank:XP_022801630.1",uncharacterized protein LOC111339273 isoform X2,NCBI-GCF_002571385.1,Mucin-like,"Ramos-Silva et al., 2013",,,,,,,,
JR998260.1,JR998260.1,,,gene2039,55.630000000000003,gene2039,"GeneID:111340560,Genbank:XP_022803156.1",uncharacterized skeletal organic matrix protein 7-like,NCBI-GCF_002571385.1,Uncharacterized skeletal organic matrix protein-7 (USOMP7),"Ramos-Silva et al., 2013",,,,,,,,
JR980881.1,JR980881.1,,,gene2104,46.759999999999998,gene2104,"GeneID:111341314,Genbank:XP_022804012.1",EGF and laminin G domain-containing protein-like,NCBI-GCF_002571385.1,EGF and laminin G domain-containing protein,"Ramos-Silva et al., 2013",,,,,,,,
JR993827.1,JR993827.1,,,gene21987,41.729999999999997,gene21987,"GeneID:111341848,Genbank:XM_022948872.1",fibronectin type III domain-containing protein-like,NCBI-GCF_002571385.1,Neuroglian-like,"Ramos-Silva et al., 2013",,,,,,,,
JR997000.1,JR997000.1,,,gene24512,31.93,gene24512,"GeneID:111344648,Genbank:XP_022807628.1",uncharacterized skeletal organic matrix protein 3-like isoform X2,NCBI-GCF_002571385.1,Uncharacterized skeletal organic matrix protein-3  (USOMP-3),"Ramos-Silva et al., 2013",,,,,,,,
JR982706.1,JR982706.1,,,gene24965,38.85;40.62;50.47,gene24965,"GeneID:111345139,Genbank:XM_022952417.1",uncharacterized skeletal organic matrix protein 2-like,NCBI-GCF_002571385.1,Uncharacterized skeletal organic matrix protein-2  (USOMP-2),"Ramos-Silva et al., 2013",,,,,,,,
JR991083.1,JR991083.1,,,gene3077,70.38;41.16;39.14;41.46;39.26,gene3077,"GeneID:111320871,Genbank:XP_022779335.1",collagen alpha chain-like,NCBI-GCF_002571385.1,Collagen alpha-1 chain,"Ramos-Silva et al., 2013",,,,,,,,
JT011093.1,JT011093.1,,,gene35,62.17;75.81,gene35,"GeneID:111325259,Genbank:XP_022784808.1",protocadherin-like protein,NCBI-GCF_002571385.1,Protocadherin-like,"Ramos-Silva et al., 2013",,,,,,,,
JR991407.1,JR991407.1,,,gene4012,60.740000000000002,gene4012,"GeneID:111321935,Genbank:XP_022780690.1",skeletal aspartic acid-rich protein 2-like,NCBI-GCF_002571385.1,Skeletal acidic Asp-rich Protein 2 (SAARP2),"Ramos-Silva et al., 2013",,,,,,,,
JT004498.1,JT004498.1,,,gene4012,64.579999999999998,gene4012,"GeneID:111321935,Genbank:XP_022780690.1",skeletal aspartic acid-rich protein 2-like,NCBI-GCF_002571385.1,Uncharacterized skeletal organic matrix protein-4  (USOMP-4),"Ramos-Silva et al., 2013",,,,,,,,
JR972076.1,JR972076.1,,,gene4928,40.460000000000001,gene4928,"GeneID:111322942,Genbank:XP_022781915.1",acidic skeletal organic matrix protein-like,NCBI-GCF_002571385.1,Acidic skeletal organic matrix protein (Acidic SOMP),"Ramos-Silva et al., 2013",,,,,,,,
JT001945.1,JT001945.1,,,gene5242,51.659999999999997,gene5242,"GeneID:111323336,Genbank:XP_022782398.1",skeletal aspartic acid-rich protein 1-like,NCBI-GCF_002571385.1,Skeletal acidic Asp-rich Protein 1 (SAARP 1),"Ramos-Silva et al., 2013",,,,,,,,
JR991141.1,JR991141.1,,,gene5517,40.090000000000003,gene5517,"GeneID:111323581,Genbank:XP_022782704.1",polycystic kidney disease 1-related protein-like isoform X2,NCBI-GCF_002571385.1,polycystic kidney disease 1-related skeletal organic matrix protein (PKD1-related protein),"Ramos-Silva et al., 2013",,,,,,,,
JR986059.1,JR986059.1,,,gene5561,77.310000000000002,gene5561,"GeneID:111323614,Genbank:XP_022782738.1",SE-cephalotoxin-like,NCBI-GCF_002571385.1,Cephalotoxin-like protein,"Ramos-Silva et al., 2013",,,,,,,,
JT016638.1,JT016638.1,,,gene6098,50.58;44.35;42.21,gene6098,"GeneID:111324201,Genbank:XP_022783430.1",coadhesin-like,NCBI-GCF_002571385.1,Coadhesin,"Ramos-Silva et al., 2013",,,,,,,,
JT013217.1,JT013217.1,,,gene8136,44.47;38.4;38.12;35.03;34.35;30.99;26.54;60.27;31.98;54.17,gene8136,"GeneID:111326491,Genbank:XP_022786238.1",uncharacterized protein LOC111326491 isoform X2,NCBI-GCF_002571385.1,MAM and fibronectin- containing protein,"Ramos-Silva et al., 2013",,,,,,,,
JT019463.1,JT019463.1,,,gene8260,54.92;44.34;46.01,gene8260,"GeneID:111326648,Genbank:XP_022786425.1",hephaestin-like protein,NCBI-GCF_002571385.1,Hephaestin-like,"Ramos-Silva et al., 2013",,,,,,,,
JT013896.1,JT013896.1,,,gene9219,59.32;48.33,gene9219,"GeneID:111327698,Genbank:XP_022787667.1",protein PRY2-like,NCBI-GCF_002571385.1,Threonine-rich protein,"Ramos-Silva et al., 2013",,,,,,,,
JR978035.1,JR978035.1,,,gene9221,51.049999999999997,gene9221,"GeneID:111327701,Genbank:XM_022931942.1",ectin-like%2C transcript variant X2,NCBI-GCF_002571385.1,Ectin,"Ramos-Silva et al., 2013",,,,,,,,
JR970990.1,JR970990.1,,,SpisGene7041,58.55;51.92,SpisGene7041,gi|1263132053|gb|PFX28263.1|,NA,Spis,CUB and peptidase domain-containing protein 1,"Ramos-Silva et al., 2013",,,,,,,,
JT016410.1,JT016410.1,,,SpisGene7041,41.96;36.79;36.11;32.08,SpisGene7041,gi|1263132053|gb|PFX28263.1|,NA,Spis,MAM and fibronectin containing protein  2,"Ramos-Silva et al., 2013",,,,,,,,
JT008002.1,JT008002.1,,,SpisGene7041,60.0;53.85;62.24;55.1,SpisGene7041,gi|1263132053|gb|PFX28263.1|,NA,Spis,CUB and peptidase domain-containing protein 2,"Ramos-Silva et al., 2013",,,,,,,,
JR971508.1,JR971508.1,,,,,,,,,Uncharacterized skeletal organic matrix protein-6 (USOMP6),"Ramos-Silva et al., 2013",,,,,,,,
JT021412.1,JT021412.1,,,gene25369,45.45,gene25369,"GeneID:111345585,Genbank:XP_022808604.1",,,Uncharacterized skeletal organic matrix protein-1 (USOMP-1),"Ramos-Silva et al., 2013",,,,,,,,
JT018094.1 ; JT006291.1,JT018094.1,,,gene22550,27.36,gene22550,"GeneID:111342485,Genbank:XP_022805307.1",midasin-like,,Secreted acidic protein 1 (Amil-SAP1),"Ramos-Silva et al., 2013",,,,,,,,
JR983041.1,JR983041.1,,,,,,,,,Secreted acidic protein 2 (Amil-SAP2),"Ramos-Silva et al., 2013",,,,,,,,
HM163215,HM163215,,,gene5548,36.6;38.7;39.62,gene5548,"GeneID:111323563,Genbank:XP_022782678.1",galaxin-like,NCBI-GCF_002571385.1,Acropora millepora galaxin,"Reyes-Bermudez et al., 2009",,,,,,,,
aug_v2a.15065.t1,aug_v2a.15065.t1,,,gene13931,35.27;37.09,gene13931,"GeneID:111332911,Genbank:XP_022794122.1",galaxin-like isoform X2,NCBI-GCF_002571385.1,galaxin2,"Takeuchi et al., 2016","Ramos-Silva et al., 2013",,,,,,,
aug_v2a.09969.t1,aug_v2a.09969.t1,,,gene14425,71.38;37.81;36.62;33.38;32.59;31.78;33.0;32.51;29.2;31.48;29.11;33.06;34.18;30.73,gene14425,"GeneID:111333431,Genbank:XM_022939001.1",MAM and LDL-receptor class A domain-containing protein 2-like,NCBI-GCF_002571385.1,MAM and LDLr domain-containing protein,"Takeuchi et al., 2016","Drake et al., 2013","Ramos-Silva et al., 2013",,,,,,
aug_v2a.09968.t1,aug_v2a.09968.t1,,,gene14425,66.34;59.75;61.17;40.72;33.21;34.04;43.12;42.56;40.86;41.95;42.58;34.99;37.32;47.4;34.64;46.5;36.73;36.27;37.19;35.84;47.54;46.08;36.46;47.66;40.11;39.68;38.51;45.5;34.68;46.23;33.46;43.68;42.26;43.64;32.31;32.83;30.65;36.41;39.54;34.92;32.5;36.31;38.1;34.9;37.35;36.88;37.07;37.63;36.72;36.46;35.39;33.33;32.8;36.52;29.11;33.61;40.31;33.93;33.24;31.81;32.28;32.68;30.32;38.99;28.78;41.06;41.78;33.42;38.57;39.43;30.17;28.34;41.72;40.53;37.21;43.62;30.74;35.23;45.89;34.62;48.19;33.82;41.94;42.31;40.36;38.78;33.66;36.3;40.09;39.49;33.06;34.16;29.74;37.06;30.8;36.97;38.97;26.67;29.11,gene14425,"GeneID:111333431,Genbank:XM_022939001.1",MAM and LDL-receptor class A domain-containing protein 2-like,NCBI-GCF_002571385.1,MAM and LDLr domain-containing protein,"Takeuchi et al., 2016","Drake et al., 2013","Ramos-Silva et al., 2013",,,,,,
aug_v2a.08856.t1,aug_v2a.08856.t1,,,gene16183,47.719999999999999,gene16183,"GeneID:111335415,Genbank:XP_022797046.1",dual specificity testis-specific protein kinase 1-like,NCBI-GCF_002571385.1,Vitellogenin-like,"Takeuchi et al., 2016",,,,,,,,
aug_v2a.22918.t1,aug_v2a.22918.t1,,,gene16763,55.109999999999999,gene16763,"GeneID:111336049,Genbank:XP_022797811.1",uncharacterized skeletal organic matrix protein 5-like,NCBI-GCF_002571385.1,EP-like1,"Takeuchi et al., 2016",,,,,,,,
aug_v2a.14283.t1/adi_EST_assem_21039,aug_v2a.14283.t1,,,gene1812,36.54;45.83,gene1812,"GeneID:111337766,Genbank:XP_022799866.1",CUB domain-containing protein-like,NCBI-GCF_002571385.1,CUB domain-containing protein 2,"Takeuchi et al., 2016",,,,,,,,
aug_v2a.09809.t1,aug_v2a.09809.t1,,,gene19431,51.74;49.68;59.65,gene19431,"GeneID:111339023,Genbank:XM_022945599.1",mucin-like protein,NCBI-GCF_002571385.1,Mucin4-like protein,"Takeuchi et al., 2016",,,,,,,,
aug_v2a.06123.t1,aug_v2a.06123.t1,,,gene2104,53.45;44.95;35.11,gene2104,"GeneID:111341314,Genbank:XP_022804012.1",EGF and laminin G domain-containing protein-like,NCBI-GCF_002571385.1,EGF and laminin G domain-containing protein,"Takeuchi et al., 2016","Ramos-Silva et al., 2013",,,,,,,
aug_v2a.15580.t1,aug_v2a.15580.t1,,,gene2104,39.86;44.12,gene2104,"GeneID:111341314,Genbank:XP_022804012.1",EGF and laminin G domain-containing protein-like,NCBI-GCF_002571385.1,Laminin G domain-containing protein,"Takeuchi et al., 2016","Ramos-Silva et al., 2013",,,,,,,
aug_v2a.06122.t1,aug_v2a.06122.t1,,,gene2104,47.64;39.22,gene2104,"GeneID:111341314,Genbank:XP_022804012.1",EGF and laminin G domain-containing protein-like,NCBI-GCF_002571385.1,EGF and laminin G domain-containing protein,"Takeuchi et al., 2016","Ramos-Silva et al., 2013",,,,,,,
aug_v2a.24512.t1,aug_v2a.24512.t1,,,gene2104,46.91;29.47,gene2104,"GeneID:111341314,Genbank:XP_022804012.1",EGF and laminin G domain-containing protein-like,NCBI-GCF_002571385.1,EGF and laminin G domain-containing protein,"Takeuchi et al., 2016","Ramos-Silva et al., 2013",,,,,,,
aug_v2a.20893.t1,aug_v2a.20893.t1,,,gene21197,34.770000000000003,gene21197,"GeneID:111340979,Genbank:XP_022803643.1",uncharacterized protein LOC111340979,NCBI-GCF_002571385.1,USOMP-9,"Takeuchi et al., 2016",,,,,,,,
aug_v2a.07627.t1,aug_v2a.07627.t1,,,gene23405,60.869999999999997,gene23405,"GeneID:111343418,Genbank:XP_022806326.1",ZP domain-containing protein-like,NCBI-GCF_002571385.1,Zona pellucida domain-containing protein,"Takeuchi et al., 2016","Drake et al., 2013",,,,,,,
aug_v2a.15064.t1,aug_v2a.15064.t1,,,gene24965,39.35;33.56;48.53;26.72,gene24965,"GeneID:111345139,Genbank:XM_022952417.1",uncharacterized skeletal organic matrix protein 2-like,NCBI-GCF_002571385.1,Cystein-rich,"Takeuchi et al., 2016",,,,,,,,
aug_v2a.02662.t1,aug_v2a.02662.t1,,,gene25369,32.920000000000002,gene25369,"GeneID:111345585,Genbank:XP_022808604.1",uncharacterized protein LOC111345585,NCBI-GCF_002571385.1,USOMP-1b,"Takeuchi et al., 2016",,,,,,,,
aug_v2a.21723.t1,aug_v2a.21723.t1,,,gene25370,33.020000000000003,gene25370,"GeneID:111345582,Genbank:XM_022952866.1",uncharacterized LOC111345582,NCBI-GCF_002571385.1,USOMP-1a,"Takeuchi et al., 2016",,,,,,,,
aug_v2a.02663.t1,aug_v2a.02663.t1,,,gene25370,31.780000000000001,gene25370,"GeneID:111345582,Genbank:XM_022952866.1",uncharacterized LOC111345582,NCBI-GCF_002571385.1,USOMP-1c,"Takeuchi et al., 2016",,,,,,,,
aug_v2a.07084.t1,aug_v2a.07084.t1,,,gene25370,36.119999999999997,gene25370,"GeneID:111345582,Genbank:XM_022952866.1",uncharacterized LOC111345582,NCBI-GCF_002571385.1,USOMP-10,"Takeuchi et al., 2016",,,,,,,,
aug_v2a.00002.t1,aug_v2a.00002.t1,,,gene26197,66.090000000000003,gene26197,"GeneID:111346494,Genbank:XM_022953783.1",uncharacterized LOC111346494,NCBI-GCF_002571385.1,EP-like 2,"Takeuchi et al., 2016",,,,,,,,
aug_v2a.19518.t1,aug_v2a.19518.t1,,,gene35,54.55;72.2;29.41;28.66;28.65,gene35,"GeneID:111325259,Genbank:XP_022784808.1",protocadherin-like protein,NCBI-GCF_002571385.1,Protocadherin-like,"Takeuchi et al., 2016",,,,,,,,
aug_v2a.06327.t1,aug_v2a.06327.t1,,,gene4926,39.460000000000001,gene4926,"GeneID:111322887,Genbank:XP_022781839.1",acidic skeletal organic matrix protein-like,NCBI-GCF_002571385.1,SAARP3,"Takeuchi et al., 2016","Ramos-Silva et al., 2013",,,,,,,
aug_v2a.11068.t1,aug_v2a.11068.t1,,,gene5242,48.060000000000002,gene5242,"GeneID:111323336,Genbank:XP_022782398.1",skeletal aspartic acid-rich protein 1-like,NCBI-GCF_002571385.1,SAARP1,"Takeuchi et al., 2016","Ramos-Silva et al., 2013",,,,,,,
aug_v2a.02830.t1,aug_v2a.02830.t1,,,gene5517,45.53;34.74;29.9,gene5517,"GeneID:111323581,Genbank:XP_022782704.1",polycystic kidney disease 1-related protein-like isoform X2,NCBI-GCF_002571385.1,polycystic kidney disease 1-related (PKD1-related) protein,"Takeuchi et al., 2016",,,,,,,,
aug_v2a.18631.t1,aug_v2a.18631.t1,,,gene5548,42.54;40.56;40.56;40.56;40.56;41.18;39.86,gene5548,"GeneID:111323563,Genbank:XP_022782678.1",galaxin-like,NCBI-GCF_002571385.1,galaxin,"Takeuchi et al., 2016","Ramos-Silva et al., 2013",,,,,,,
aug_v2a.05945.t1,aug_v2a.05945.t1,,,gene6098,53.57;48.12;34.13;47.02;42.26;38.74;33.7,gene6098,"GeneID:111324201,Genbank:XP_022783430.1",coadhesin-like,NCBI-GCF_002571385.1,TSP-1 and VWA domain-containing,"Takeuchi et al., 2016",,,,,,,,
aug_v2a.10941.t1,aug_v2a.10941.t1,,,gene9561,50,gene9561,"GeneID:111328084,Genbank:XP_022788182.1",cubilin-like isoform X1,NCBI-GCF_002571385.1,CUB domain-containing protein 1,"Takeuchi et al., 2016",,,,,,,,
aug_v2a.24015.t1,aug_v2a.24015.t1,,,gene9579,78.31;64.71;48.66;49.17;53.01;44.58,gene9579,"GeneID:111328120,Genbank:XP_022788227.1",hephaestin-like protein,NCBI-GCF_002571385.1,Hephaestin-like protein,"Takeuchi et al., 2016",,,,,,,,
adi_EST_assem_30005,adi_EST_assem_30005,,,,,,,,,CUB domain-containing protein 2 N-terminus,"Takeuchi et al., 2016",,,,,,,,
adi_v0.9_a01781701(aug_v2a.09226.t1),adi_v0.9_a01781701,,,,,,,,,Adi-SAP2,"Takeuchi et al., 2016",,,,,,,,
aug_v2a.01440.t1(aug_v2a.01441.t1),aug_v2a.01440.t1,,,gene4012,62.75,gene4012,"GeneID:111321935,Genbank:XP_022780690.1",skeletal aspartic acid-rich protein 2-like,,Adi-SAARP2,"Takeuchi et al., 2016","Ramos-Silva et al., 2013",,,,,,,
aug_v2a.06593.t1,aug_v2a.06593.t1,,,,,,,,,SAP1,"Takeuchi et al., 2016",,,,,,,,
aug_v2a.18376.t1,aug_v2a.18376.t1,,,,,,,,,USOMP-11,"Takeuchi et al., 2016",,,,,,,,
AAD11470.1,AAD11470.1,,,gene13388,98,gene13388,"GeneID:111332340,Genbank:XP_022793389.1",voltage-dependent N-type calcium channel subunit alpha-1B-like,,L-type calcium channel alpha-1 subunit,"Zoccola et al., 1999",,,,,,,,
AAR13013.1,AAR13013.1,,,gene7744,99.390000000000001,gene7744,"GeneID:111326059,Genbank:XP_022785723.1",LOW QUALITY PROTEIN: plasma membrane calcium-transporting ATPase 3-like,NCBI-GCF_002571385.1,plasma membrane calcium ATPase [Stylophora pistillata],"Zoccola et al., 2004",,,,,,,,
XP_022791567.1,XP_022791567.1,gene12069,,,,gene12069,"GeneID:111330865,Genbank:XP_022791567.1",anion exchange protein 2-like,NCBI-GCF_002571385.1,anion exchange protein 2-like,"Zoccola et al., 2015",,,,,,,,
XP_022800329.1,XP_022800329.1,gene1930,,,,gene1930,"GeneID:111338156,Genbank:XP_022800320.1",sulfate anion transporter 1-like isoform X1,NCBI-GCF_002571385.1,sulfate anion transporter 1-like isoform X2,"Zoccola et al., 2015",,,,,,,,
XP_022800320.1,XP_022800320.1,gene1930,,,,gene1930,"GeneID:111338156,Genbank:XP_022800320.1",sulfate anion transporter 1-like isoform X1,NCBI-GCF_002571385.1,sulfate anion transporter 1-like isoform X1,"Zoccola et al., 2015",,,,,,,,
XP_022800339.1,XP_022800339.1,gene1931,,,,gene1931,"GeneID:111338171,Genbank:XP_022800348.1",solute carrier family 26 member 10-like isoform X2,NCBI-GCF_002571385.1,sulfate anion transporter 1-like isoform X1,"Zoccola et al., 2015",,,,,,,,
XP_022801463.1,XP_022801463.1,gene19533,,,,gene19533,"GeneID:111339139,Genbank:XP_022801462.1",electroneutral sodium bicarbonate exchanger 1-like isoform X1,NCBI-GCF_002571385.1,sodium bicarbonate cotransporter 3-like isoform X2,"Zoccola et al., 2015",,,,,,,,
XP_022781731.1,XP_022781731.1,gene4816,,,,gene4816,"GeneID:111322812,Genbank:XM_022925996.1",sodium-independent sulfate anion transporter-like%2C transcript variant X1,NCBI-GCF_002571385.1,sodium-independent sulfate anion transporter-like 2C transcript variant X1,"Zoccola et al., 2015",,,,,,,,
XP_022783031.1,XP_022783031.1,gene5859,,,,gene5859,"GeneID:111323853,Genbank:XP_022783031.1",sodium bicarbonate transporter-like protein 11,NCBI-GCF_002571385.1,sodium bicarbonate transporter-like protein 11,"Zoccola et al., 2015",,,,,,,,
XP_022788270.1,XP_022788270.1,gene9676,,,,gene9676,"GeneID:111328161,Genbank:XP_022788270.1",band 3 anion transport protein-like,NCBI-GCF_002571385.1,band 3 anion transport protein-like,"Zoccola et al., 2015",,,,,,,,
AJQ31790.1,AJQ31790.1,,,gene9677,99.799999999999997,gene9677,"GeneID:111328195,Genbank:XM_022932572.1",anion exchange protein 2-like%2C transcript variant X1,NCBI-GCF_002571385.1,solute carrier family 4 member gamma [Stylophora pistillata],"Zoccola et al., 2015",,,,,,,,
XP_022789091.1,comp35460_c0_seq1m.7952,,,gene10212,47.84,gene10212,"GeneID:111328829,Genbank:XM_022933356.1",arachidonate 5-lipoxygenase-like,,arachidonate 5-lipoxygenase-like,"Drake et al., 2020",Orbicella-Fa,Sol Tryp,,,,,,
XP_022783323.1,comp40538_c0_seq1m.10647,,,gene517,50.98,gene517,"GeneID:111324090,Genbank:XP_022783323.1",phosphopantothenoylcysteine decarboxylase subunit VHS3-like,,phosphopantothenoylcysteine decarboxylase subunit VHS3-like,"Drake et al., 2020",Orbicella-Fa,"Insol, Sol Tryp",,,,,,
XP_022783323.1,Montastraea_cavernosa_85173,,,gene517,51.65,gene517,"GeneID:111324090,Genbank:XP_022783323.1",phosphopantothenoylcysteine decarboxylase subunit VHS3-like,,phosphopantothenoylcysteine decarboxylase subunit VHS3-like,"Drake et al., 2020",Montastraea_cav,Sol Tryp,,,,,,
XP_022786975.1,comp43794_c0_seq1m.13360,,,gene8721,59.02,gene8721,"GeneID:111327131,Genbank:XM_022931240.1",uncharacterized LOC111327131,,uncharacterized protein LOC110043928,"Drake et al., 2020",Orbicella-Fa,Sol Tryp,,,,,,
XP_022783430.1,comp44113_c0_seq1m.13701,,,gene6098,49.61,gene6098,"GeneID:111324201,Genbank:XP_022783430.1",coadhesin-like,,"coadhesin-like, partial","Drake et al., 2020",Orbicella-Fa,"Insol, Sol Tryp",,,,,,
XP_022785595.1,comp45328_c1_seq1m.15366,,,gene7638,56.15,gene7638,"GeneID:111325942,Genbank:XP_022785595.1",plexin domain-containing protein 2-like,,plexin domain-containing 2-like,"Drake et al., 2020",Orbicella-Fa,Sol Tryp,,,,,,
XP_022781462.1,comp45425_c0_seq1m.15538,,,gene4659,44.53,gene4659,"GeneID:111322604,Genbank:XP_022781462.1",chorion peroxidase-like,,peroxidasin homolog,"Drake et al., 2020",Orbicella-Fa,Sol Tryp,,,,,,
XP_022781451.1,g9483.t1,,,gene4658,50,gene4658,"GeneID:111322593,Genbank:XP_022781451.1",peroxidase-like,,peroxidasin homolog,"Drake et al., 2020",Orbicella_Annularis,"Insol, Sol Tryp",,,,,,
XP_022802201.1,comp45532_c0_seq2m.15755,,,gene20085,47.29,gene20085,"GeneID:111339749,Genbank:XM_022946466.1",uncharacterized LOC111339749,,uncharacterized protein LOC110065617 [Orbicella faveolata],"Drake et al., 2020",Orbicella-Fa,Insol Tryp,,,,,,
XP_022778137.1,g63085.t1,,,gene28077,53.29,gene28077,"GeneID:111319658,Genbank:XP_022778137.1",uncharacterized protein LOC111319658,,uncharacterized protein LOC110065617,"Drake et al., 2020",Orbicella_Annularis,"Insol, Sol Tryp",,,,,,
XP_022807734.1,comp46118_c0_seq3m.17144,,,gene24604,63.04,gene24604,"GeneID:111344747,Genbank:XP_022807734.1",plasma kallikrein-like isoform X2,,transmembrane protease serine 9-like,"Drake et al., 2020",Orbicella-Fa,Sol Tryp,,,,,,
XP_022807733.1,g14249.t1,,,gene24604,58.82,gene24604,"GeneID:111344747,Genbank:XP_022807733.1",plasma kallikrein-like isoform X1,,anionic trypsin-2-like,"Drake et al., 2020",Orbicella_Annularis,"Insol, Sol Tryp",,,,,,
XP_022807734.1,g33506.t1,,,gene24604,62.8,gene24604,"GeneID:111344747,Genbank:XP_022807734.1",plasma kallikrein-like isoform X2,,serine protease 27-like,"Drake et al., 2020",Orbicella_Annularis,"Insol, Sol Tryp",,,,,,
XP_022807734.1,g72157.t1,,,gene24604,63.53,gene24604,"GeneID:111344747,Genbank:XP_022807734.1",plasma kallikrein-like isoform X2,,transmembrane protease serine 9-like [Orbicella faveolata],"Drake et al., 2020",Orbicella_Annularis,Insol Tryp,,,,,,
XP_022807733.1,g89013.t1,,,gene24604,60.25,gene24604,"GeneID:111344747,Genbank:XP_022807733.1",,,serine protease 27-like,"Drake et al., 2020",Orbicella_Annularis,Sol Tryp,,,,,,
XP_022807733.1,Montastraea_faveolata_2850,,,gene24604,62.95,gene24604,"GeneID:111344747,Genbank:XP_022807733.1",plasma kallikrein-like isoform X1,,transmembrane protease serine 9-like [Orbicella faveolata],"Drake et al., 2020",Montastraea_fav,Sol GluC,,,,,,
PFX32608.1,comp46201_c0_seq11m.17370,,,SpisGene2527,75.56,SpisGene2527,gi|1263136464|gb|PFX32608.1|,NA,,alpha-L-fucosidase-like,"Drake et al., 2020",Orbicella-Fa,Sol Tryp,,,,,,
,comp46323_c0_seq1m.17712,,,,,,,,,uncharacterized protein LOC110062194,"Drake et al., 2020",Orbicella-Fa,Sol Tryp,,,,,,
XP_022786425.1,comp46544_c0_seq10m.18514,,,gene8260,56.39,gene8260,"GeneID:111326648,Genbank:XP_022786425.1",hephaestin-like protein,,hephaestin-like protein,"Drake et al., 2020",Orbicella-Fa,Sol Tryp,,,,,,
XP_022804012.1,comp46709_c0_seq3m.19223,,,gene2104,52.63,gene2104,"GeneID:111341314,Genbank:XP_022804012.1",EGF and laminin G domain-containing protein-like,,EGF and laminin G domain-containing -like,"Drake et al., 2020",Orbicella-Fa,Sol Tryp,,,,,,
XP_022793474.1,comp46825_c0_seq2m.20088,,,gene13513,74.25,gene13513,"GeneID:111332413,Genbank:XP_022793474.1",calsyntenin-1-like,,calsyntenin-1-like,"Drake et al., 2020",Orbicella-Fa,Sol Tryp,,,,,,
XP_022796981.1,g11333.t1,,,gene16153,41.76,gene16153,"GeneID:111335362,Genbank:XP_022796981.1",uncharacterized skeletal organic matrix protein 8-like,,uncharacterized skeletal organic matrix 8-like,"Drake et al., 2020",Orbicella_Annularis,Sol Tryp,,,,,,
XP_022799595.1,g12664.t1,,,gene18061,60,gene18061,"GeneID:111337528,Genbank:XP_022799595.1",uncharacterized protein LOC111337528,,uncharacterized protein LOC110050428,"Drake et al., 2020",Orbicella_Annularis,"Insol, Sol Tryp",,,,,,
XP_022799527.1,g16103.t1,,,gene18048,66.91,gene18048,"GeneID:111337480,Genbank:XP_022799527.1",LOW QUALITY PROTEIN: uncharacterized protein LOC111337480,,uncharacterized protein LOC110069583,"Drake et al., 2020",Orbicella_Annularis,Sol Tryp,,,,,,
XP_022793491.1,g16251.t1,,,gene13484,52.72,gene13484,"GeneID:111332426,Genbank:XP_022793491.1",uncharacterized protein LOC111332426,,uncharacterized protein LOC110067479 isoform X2,"Drake et al., 2020",Orbicella_Annularis,Sol Tryp,,,,,,
XP_022782398.1,g17272.t1,,,gene5242,64.6,gene5242,"GeneID:111323336,Genbank:XP_022782398.1",skeletal aspartic acid-rich protein 1-like,,skeletal aspartic acid-rich 1-like isoform X2,"Drake et al., 2020",Orbicella_Annularis,"Insol, Sol Tryp",,,,,,
XP_022795050.1,g19712.t1,,,gene14642,66.03,gene14642,"GeneID:111333683,Genbank:XP_022795050.1",microfibril-associated glycoprotein 4-like isoform X2,,fibrinogen C domain-containing 1-A-like isoform X3,"Drake et al., 2020",Orbicella_Annularis,Sol Tryp,,,,,,
XP_022786747.1,g22192.t1,,,gene8474,65.58,gene8474,"GeneID:111326925,Genbank:XP_022786747.1",inter-alpha-trypsin inhibitor heavy chain H4-like,,inter-alpha-trypsin inhibitor heavy chain H4-like,"Drake et al., 2020",Orbicella_Annularis,Sol Tryp,,,,,,
,g23888.t1,,,,,,,,,spore wall 2-like,"Drake et al., 2020",Orbicella_Annularis,Sol Tryp,,,,,,
XP_022780951.1,g24404.t1,,,gene4188,63.41,gene4188,"GeneID:111322161,Genbank:XP_022780951.1",melanotransferrin-like,,melanotransferrin-like,"Drake et al., 2020",Orbicella_Annularis,Sol Tryp,,,,,,
XP_022810554.1,g30239.t1,,,gene27197,58.62,gene27197,"GeneID:111347582,Genbank:XP_022810554.1",vascular endothelial growth factor receptor 2-like,,---NA---,"Drake et al., 2020",Orbicella_Annularis,Sol Tryp,,,,,,
XP_022795883.1,g36702.t1,,,gene1495,71.3,gene1495,"GeneID:111334424,Genbank:XP_022795883.1",neural-cadherin-like,,uncharacterized protein LOC110059583 isoform X3,"Drake et al., 2020",Orbicella_Annularis,Sol Tryp,,,,,,
XP_022782703.1,g36847.t1,,,gene5517,45.96,gene5517,"GeneID:111323581,Genbank:XP_022782703.1",polycystic kidney disease 1-related protein-like isoform X1,,polycystic kidney disease 1-related -like,"Drake et al., 2020",Orbicella_Annularis,Sol Tryp,,,,,,
XP_022777549.1,g3726.t1,,,gene2676,46.53,gene2676,"GeneID:111318965,Genbank:XP_022777549.1",uncharacterized protein LOC111318965,,uncharacterized protein LOC110059021 isoform X2,"Drake et al., 2020",Orbicella_Annularis,Sol Tryp,,,,,,
XP_022785753.1,g37932.t1,,,gene7754,67.42,gene7754,"GeneID:111326091,Genbank:XP_022785753.1",N(4)-(Beta-N-acetylglucosaminyl)-L-asparaginase-like,,N(4)-(Beta-N-acetylglucosaminyl)-L-asparaginase-like,"Drake et al., 2020",Orbicella_Annularis,Sol Tryp,,,,,,
XP_022799072.1,g39775.t1,,,gene1811,60.97,gene1811,"GeneID:111337101,Genbank:XP_022799072.1",CUB domain-containing protein-like,,CUB domain-containing -like,"Drake et al., 2020",Orbicella_Annularis,"Insol, Sol Tryp",,,,,,
XP_022789318.1,g3982.t1,,,gene10388,75.92,gene10388,"GeneID:111329016,Genbank:XP_022789318.1",lysosomal alpha-mannosidase-like isoform X1,,lysosomal alpha-mannosidase-like,"Drake et al., 2020",Orbicella_Annularis,Sol Tryp,,,,,,
XP_022780690.1,g4761.t1,,,gene4012,64.01,gene4012,"GeneID:111321935,Genbank:XP_022780690.1",skeletal aspartic acid-rich protein 2-like,,skeletal aspartic acid-rich 2-like isoform X1,"Drake et al., 2020",Orbicella_Annularis,"Insol, Sol Tryp; Insol, Sol GluC",,,,,,
XP_022806392.1,g51918.t1,,,gene2334,80.21,gene2334,"GeneID:111343464,Genbank:XP_022806392.1",interferon-related developmental regulator 1-like,,interferon-related developmental regulator 1-like [Orbicella faveolata],"Drake et al., 2020",Orbicella_Annularis,Insol GluC,,,,,,
XP_022797785.1,g52037.t1,,,gene16723,53.62,gene16723,"GeneID:111336033,Genbank:XP_022797785.1",uncharacterized protein LOC111336033,,uncharacterized protein LOC110048345 isoform X1,"Drake et al., 2020",Orbicella_Annularis,Sol Tryp,,,,,,
,g52422.t1,,,,,,,,,---NA---,"Drake et al., 2020",Orbicella_Annularis,Sol Tryp,,,,,,
PFX32608.1,g60310.t1,,,SpisGene2527,71.35,SpisGene2527,gi|1263136464|gb|PFX32608.1|,NA,,alpha-L-fucosidase-like,"Drake et al., 2020",Orbicella_Annularis,Sol Tryp,,,,,,
XP_022786918.1,g61461.t1,,,gene8661,57.31,gene8661,"GeneID:111327082,Genbank:XP_022786918.1",major yolk protein-like isoform X2,,major yolk -like isoform X2,"Drake et al., 2020",Orbicella_Annularis,Sol Tryp,,,,,,
XP_022807335.1,g71313.t1,,,gene24262,58.24,gene24262,"GeneID:111344373,Genbank:XM_022951600.1",hemicentin-2-like,,hemicentin-1-like isoform X3,"Drake et al., 2020",Orbicella_Annularis,Sol Tryp,,,,,,
XP_022777549.1,g72418.t1,,,gene2676,39.06,gene2676,"GeneID:111318965,Genbank:XP_022777549.1",uncharacterized protein LOC111318965,,uncharacterized protein LOC110059024 isoform X2,"Drake et al., 2020",Orbicella_Annularis,"Insol, Sol Tryp",,,,,,
XP_022783430.1,g75580.t1,,,gene6098,63.08,gene6098,"GeneID:111324201,Genbank:XP_022783430.1",coadhesin-like,,coadhesin-like,"Drake et al., 2020",Orbicella_Annularis,Sol Tryp,,,,,,
XP_022781915.1,g77306.t1,,,gene4928,57.1,gene4928,"GeneID:111322942,Genbank:XP_022781915.1",acidic skeletal organic matrix protein-like,,acidic skeletal organic matrix -like,"Drake et al., 2020",Orbicella_Annularis,"Insol, Sol Tryp",,,,,,
XP_022794736.1,g77363.t1,,,gene14425,77.03,gene14425,"GeneID:111333431,Genbank:XM_022939001.1",MAM and LDL-receptor class A domain-containing protein 2-like,,MAM and LDL-receptor class A domain-containing protein 2-like [Orbicella faveolata,"Drake et al., 2020",Orbicella_Annularis,Sol Tryp,,,,,,
XP_022784808.1,g82452.t1,,,gene35,71.5,gene35,"GeneID:111325259,Genbank:XP_022784808.1",protocadherin-like protein,,Protocadherin Fat 4,"Drake et al., 2020",Orbicella_Annularis,Sol Tryp,,,,,,
XP_022805568.1,g8311.t1,,,gene22771,62.18,gene22771,"GeneID:111342723,Genbank:XP_022805568.1",fibrillin-3-like,,uncharacterized skeletal organic matrix 5-like,"Drake et al., 2020",Orbicella_Annularis,Sol Tryp,,,,,,
,g85499.t1,,,,,,,,,CUB domain-containing -like,"Drake et al., 2020",Orbicella_Annularis,Sol Tryp,,,,,,
XP_022799472.1,g85500.t1,,,gene1810,69.91,gene1810,"GeneID:111337443,Genbank:XP_022799472.1",CUB and sushi domain-containing protein 3-like,,CUB domain-containing 2-like,"Drake et al., 2020",Orbicella_Annularis,Sol Tryp,,,,,,
XP_022799527.1,g87879.t1,,,gene18048,82.58,gene18048,"GeneID:111337480,Genbank:XP_022799527.1",LOW QUALITY PROTEIN: uncharacterized protein LOC111337480,,hypothetical protein AWC38_SpisGene15608,"Drake et al., 2020",Orbicella_Annularis,Sol Tryp,,,,,,
XP_022808048.1,g88203.t1,,,gene24895,81.46,gene24895,"GeneID:111345061,Genbank:XP_022808048.1",uncharacterized skeletal organic matrix protein 5-like,,uncharacterized skeletal organic matrix 5-like isoform X4,"Drake et al., 2020",Orbicella_Annularis,Sol Tryp,,,,,,
XP_022801334.1,g89860.t1,,,gene19431,63.45,gene19431,"GeneID:111339023,Genbank:XM_022945599.1",mucin-like protein,,LOW QUALITY PROTEIN: mucin-like protein,"Drake et al., 2020",Orbicella_Annularis,"Insol, Sol Tryp",,,,,,
XP_022781454.1,g91716.t1,,,gene4661,41.98,gene4661,"GeneID:111322595,Genbank:XP_022781454.1",LOW QUALITY PROTEIN: uncharacterized protein LOC111322595,,peroxidasin homolog,"Drake et al., 2020",Orbicella_Annularis,Sol Tryp,,,,,,
XP_022806737.1,Montastraea_cavernosa_88195,,,gene23750,49.52,gene23750,"GeneID:111343812,Genbank:XP_022806737.1",uncharacterized protein LOC111343812,,"hypothetical protein pdam_00015837, partial","Drake et al., 2020",Montastraea_cav,"Insol, Sol Tryp",,,,,,
XP_022786052.1,Montastraea_cavernosa_9576,,,gene972,61.99,gene972,"GeneID:111326335,Genbank:XP_022786052.1",Fanconi anemia group B protein-like isoform X2,,uncharacterized protein LOC110048659 [Orbicella faveolata],"Drake et al., 2020",Montastraea_cav,Sol GluC,,,,,,
XP_022780951.1,Montastraea_faveolata_1789,,,gene4188,59.05,gene4188,"GeneID:111322161,Genbank:XP_022780951.1",melanotransferrin-like,,melanotransferrin-like,"Drake et al., 2020",Montastraea_fav,Sol Tryp,,,,,,
XP_022803685.1,Montastraea_faveolata_3691,,,gene21227,56.98,gene21227,"GeneID:111341018,Genbank:XP_022803685.1",uncharacterized protein LOC111341018,,uncharacterized protein LOC110049119,"Drake et al., 2020",Montastraea_fav,Sol Tryp,,,,,,
XP_022785297.1,Montastraea_faveolata_3945,,,gene737,51.69,gene737,"GeneID:111325696,Genbank:XP_022785297.1",uncharacterized protein LOC111325696,,uncharacterized protein LOC110049118,"Drake et al., 2020",Montastraea_fav,Sol Tryp,,,,,,
,Montastraea_faveolata_4140,,,,,,,,,---NA---,"Drake et al., 2020",Montastraea_fav,"Insol, Sol Tryp",,,,,,
XP_022787216.1,Montastraea_faveolata_4798,,,gene8880,38.89,gene8880,"GeneID:111327323,Genbank:XP_022787216.1",ecdysteroid-regulated 16 kDa protein-like,,NPC intracellular cholesterol transporter 2-like,"Drake et al., 2020",Montastraea_fav,Sol Tryp,,,,,,
XP_022803215.1,Montastraea_faveolata_5141,,,gene20844,67.23,gene20844,"GeneID:111340607,Genbank:XM_022947480.1",uncharacterized LOC111340607,,uncharacterized protein LOC110056526 isoform X1,"Drake et al., 2020",Montastraea_fav,Sol Tryp,,,,,,
XP_022794121.1,Montastraea_faveolata_5337,,,gene13931,38.68,gene13931,"GeneID:111332911,Genbank:XP_022794121.1",galaxin-like isoform X1,,galaxin-like isoform X1,"Drake et al., 2020",Montastraea_fav,"Insol, Sol Tryp",,,,,,
,Montastraea_faveolata_540,,,,,,,,,spore wall 2-like,"Drake et al., 2020",Montastraea_fav,Sol Tryp,,,,,,
XP_022784093.1,Platygyra_carnosus_13521,,,gene6556,81.84,gene6556,"GeneID:111324731,Genbank:XP_022784093.1",alpha-L-fucosidase-like,,alpha-L-fucosidase-like isoform X1,"Drake et al., 2020",Platygyra_carnosus,Sol Tryp,,,,,,
XP_022806326.1,Platygyra_carnosus_14036,,,gene23405,70.81,gene23405,"GeneID:111343418,Genbank:XP_022806326.1",ZP domain-containing protein-like,,ZP domain-containing -like,"Drake et al., 2020",Platygyra_carnosus,Sol Tryp,,,,,,
,Platygyra_carnosus_68738,,,,,,,,,---NA---,"Drake et al., 2020",Platygyra_carnosus,Sol Tryp,,,,,,